Name,Instagram,Insta Followers,Insta Avg Likes
Mrinali Dass,https://www.instagram.com/mrinalidass,120187,382.25
MADHUSUPARNA ROY,https://www.instagram.com/roymadhusuparna,192397,1496.25
Simran K,https://www.instagram.com/symrann.k,1058368,40294.33
Moin Khan,https://www.instagram.com/the_moinkhan,118192,743.42
Yash Sharma,https://www.instagram.com/indianstylestatements,112098,1971.58
iammirmanzar 786,https://www.instagram.com/manzarmir,173972,798.83
kajal kothari,https://www.instagram.com/bewitching.k,107316,423.67
Mr. Ranawat,https://www.instagram.com/ranawat.official,117122,2749
Nilam parmar,https://www.instagram.com/_theglitzysphere,473616,26318.58
Sapna Bakshi,https://www.instagram.com/sapnaabakshi,293774,6300.83
Arpita Saha,https://www.instagram.com/arpita_saha29,102354,2272.5
Monisha Mehta,https://www.instagram.com/itsmonishamehta,103058,1190.17
sindhu cya,https://www.instagram.com/sindhucya,166752,4617.17
Aksha Pardasany,https://www.instagram.com/akshapardasany,294052,9292.83
Mili lakhmani,https://www.instagram.com/mili_lakhmani,167767,1068.17
Pragya Nagra,https://www.instagram.com/pragyanagra,242332,41538.08
Bhumika Thakkar,https://www.instagram.com/bhumika_t,295933,3124
Milind Agrawal,https://www.instagram.com/milindagrawal,116082,5258.67
harpreet Mehta,https://www.instagram.com/harpreetmehtaofficial,115698,1249
Anisha Sahai,https://www.instagram.com/anisha.sahai,227083,6867.58
Naaz Arora,https://www.instagram.com/naaz.arora,119748,949.83
Style on Air,https://www.instagram.com/styleonair_,255053,4042.83
nikitasha rv,https://www.instagram.com/iamnikitasha,318227,1503.5
saheli DebRay,https://www.instagram.com/_bongprincess_,293243,3463.33
Shruti Wahi,https://www.instagram.com/bespokegrub,120126,1209.17
Elena Panaite,https://www.instagram.com/lenne_j,140672,980.67
Diya Krishna,https://www.instagram.com/_diyakrishna_,613309,39893.25
Mrittika Bhunia,https://www.instagram.com/winged__girl,109071,1865.67
Jonas Maier,https://www.instagram.com/jf_maier,226983,3919.25
Rojalin Priyadarshini Panda,https://www.instagram.com/roja_lin9993,347892,3870.08
Sonal Vengurlekar,https://www.instagram.com/sonal_1206,533528,3468.92
Nayana,https://www.instagram.com/official_nainnaa,120413,604.92
Harshika Poonacha,https://www.instagram.com/harshikapoonachaofficial,457327,6137.17
Satyajit Majumder,https://www.instagram.com/thetwoinoneguy,190056,2273.92
aarohi,https://www.instagram.com/aarohisingh003,419734,5139.25
Sheetal,https://www.instagram.com/candidlysheetal,100174,67
Madhulika Roy,https://www.instagram.com/madhulika_r.96,132011,403
Mubashir Sarwad,https://www.instagram.com/mubashir_sarwad_ms,112001,2066.92
The Vogue Vanity,https://www.instagram.com/the.vogue.vanity,188815,14135.58
aqsa bhatti,https://www.instagram.com/by.aqsaa,112897,2121
Chinyenum Amadi,https://www.instagram.com/chicamastyle,541298,7432.42
